sample_id,HALLMARK_GLYCOLYSIS,HALLMARK_OXIDATIVE_PHOSPHORYLATION,delta,label,HK2
000d81dd-9ba4-4852-9090-2bf22f6483f0,0.8286482886969185,1.2420117393395091,-0.4133634506425906,Mixed,64.3575
00174492-1adc-4310-8147-a622befbb466,0.8700754613237157,1.2729546940412264,-0.4028792327175107,Mixed,25.7764
00252d7f-e222-462f-badc-b97e8dce2021,0.9061324845784605,1.2558985056536307,-0.3497660210751702,Mixed,81.3367
00ddbdd1-f29d-438b-820b-aacb111a3ec4,0.8315648085984053,1.257927524005708,-0.42636271540730264,Mixed,47.0176
017de1fe-6f36-4324-a20a-9d9ee3439d8f,0.9433330919719223,1.1498410814612074,-0.20650798948928517,Mixed,222.8635
01851b83-f8c4-4108-99c9-248fe29e39e9,0.7810810268936141,1.3898732429004934,-0.6087922160068793,Oxidative,3.8716
02669516-0c84-46b4-9ff1-ab147ff1ddcc,0.8825057860418423,1.2994594382387774,-0.41695365219693514,Mixed,126.8923
02c1c266-473f-437d-b768-20f685349ecb,0.785580114948077,1.458387993668275,-0.6728078787201981,Oxidative,1.2278
02f13d48-a03a-42e8-917d-e5d9025e2898,0.8669909200884485,1.255813076982611,-0.38882215689416255,Mixed,51.1189
03c6d5d2-1a33-4ae7-9421-f43b14fc97bd,0.8139975572056433,1.3061780545758066,-0.49218049737016334,Mixed,17.4332
040bcb51-b1dd-4666-819f-3ffed0b5ebb0,0.8675392379360516,1.2666471256616454,-0.3991078877255938,Mixed,70.3856
040e6555-b1a3-43ca-ae2b-a972fc01fa19,0.9297609574126572,1.2136945793989944,-0.2839336219863372,Mixed,44.2432
0461aca8-2256-4954-9c65-1b2a92c2b2a1,0.8381770599987238,1.2568675783800518,-0.418690518381328,Mixed,12.7361
0498e4e5-f3cc-4fa5-9686-099ab9e435f4,0.7699526172385069,1.4026410348669887,-0.6326884176284817,Oxidative,4.3284
04f48a21-1ab5-45d0-ba8a-8b6cd53ca1ff,0.6945066257223703,1.4308163658169073,-0.736309740094537,Oxidative,1.4432
0558db50-149d-4b8f-9994-4e0c3451ae8e,0.8666749134906532,1.343129177226645,-0.47645426373599176,Mixed,16.0012
056c67e7-03b3-40cc-8c19-d6938ad634aa,0.8671578790142864,1.3052571500867192,-0.43809927107243274,Mixed,65.4052
05aedbb7-c56c-4756-b8e8-302afaedcb4c,0.7435835138305773,1.431616003404393,-0.6880324895738157,Oxidative,1.4058
05becc45-68e1-4706-a225-3a805bd7ba56,0.9270046730096463,1.2550976732088177,-0.3280930001991714,Mixed,50.5602
0626d61a-3222-49c5-b6f0-4b59c5835d29,0.8324649808594392,1.2299891362678905,-0.3975241554084513,Mixed,40.5603
063830a5-bb8f-4d58-98d6-c49ea4f1f66d,0.8637397774560206,1.2666329180114846,-0.402893140555464,Mixed,85.7218
06632416-4901-4939-b250-35cd1b8b8323,0.8887055442942284,1.3360065877103626,-0.4473010434161342,Mixed,39.1243
0666c919-fe81-415e-84ea-c782234e3aa0,0.9055800180339945,1.3226560600995987,-0.4170760420656042,Mixed,51.9927
0699530d-22a4-4fb0-a17c-ff78397c5316,0.8036472285577407,1.3426519463760445,-0.5390047178183037,Oxidative,4.0291
06f37a68-0ffa-494c-9b43-00fc1e8b9ad2,0.8172803993130346,1.2001521557667119,-0.3828717564536772,Mixed,20.1187
07857799-d6eb-4a80-83b5-aad368e6cd3c,0.9101412972370259,1.2237281008531808,-0.313586803616155,Mixed,34.8007
07868319-1d09-49ca-b198-5677d151d36d,0.8745153946497566,1.2792196407353853,-0.4047042460856287,Mixed,52.8804
07b09d0e-fac2-42a7-9cac-ac1e38a92298,0.8957847231425385,1.289227504008796,-0.3934427808662574,Mixed,133.8382
0897b313-4bb5-4b3c-8146-6b90b58b904c,0.9507512631103912,1.316326276892319,-0.3655750137819278,Mixed,97.7393
08e51a10-bb34-448d-bc76-c02834852933,0.8370603012990798,1.3129853478545144,-0.47592504655543455,Mixed,28.4575
09b9e5e0-8901-452c-8c4b-baca1faddddc,0.8142647687961196,1.2848060658537244,-0.4705412970576047,Mixed,19.5464
09c297be-f824-4a0b-ae20-57ecf089a7d5,0.9213326268011027,1.24034317008113,-0.3190105432800273,Mixed,82.7929
0a98d561-9c8c-40d2-aaaf-cad735533329,0.7565317476695964,1.4174605232777087,-0.6609287756081123,Oxidative,2.1436
0af91fa3-3ad9-4ba3-9e29-8bd565871d69,0.860467881754367,1.3615966199101766,-0.5011287381558096,Oxidative,17.0359
0b4cbedf-b064-4d5a-aa85-8726640d9c63,0.902680080757483,1.3600721553844233,-0.4573920746269403,Mixed,37.6348
0bbde4ab-4f9d-478b-a168-055e489b53f2,0.8833952493973777,1.3304912866204277,-0.44709603722305,Mixed,29.5043
0c1c9170-9092-449e-afc2-0ef1d28ae07e,0.8620750127864087,1.1966329019517918,-0.3345578891653831,Mixed,45.9467
0c25f495-ae84-45a3-8c7a-5521ddcccf70,0.825546409286718,1.2066981646303865,-0.3811517553436685,Mixed,22.6713
0c5ce27e-46a9-4868-880d-c7e87391cdf9,0.8759275160946991,1.2222407942827418,-0.3463132781880427,Mixed,79.9352
0cb86c23-556d-4c56-b6cd-96dbbaff1441,0.9062439766788067,1.1952993530883185,-0.28905537640951173,Mixed,107.9554
0e7e953c-82c3-4887-86b5-584d41cfe518,0.9677075869332885,1.1903456239279464,-0.2226380369946579,Mixed,166.8454
0f8d808c-2f62-4720-b32c-b5e76adab4ba,0.8704955260830834,1.3258101562830704,-0.45531463019998697,Mixed,33.1987
0fbdc947-5a9e-47de-b4fa-bbbf1ba4fd6b,0.8660209810712807,1.304139033990303,-0.4381180529190223,Mixed,24.1491
1078f9da-8238-45d4-ac09-a4b5d3b75743,0.9408019533972701,1.2859723311596685,-0.34517037776239834,Mixed,47.3853
114e63e4-03a5-409e-835f-afa8af005d03,0.8502846758487276,1.2502836896288727,-0.39999901378014513,Mixed,46.639
1164d793-7d50-42c9-9b8c-74affd93964d,0.9321359753367688,1.322968999231403,-0.39083302389463426,Mixed,66.7982
1263f317-119b-428c-96b1-c187e54bb275,0.7084140532947802,1.3681893779530885,-0.6597753246583082,Oxidative,6.1647
12e9affd-cc06-49d9-b485-47e7034be973,0.9043919076405327,1.2942568930760776,-0.38986498543554493,Mixed,75.2504
12eadc69-863d-46fe-bb19-f8b38b05471b,0.9217007138988329,1.283105858885006,-0.36140514498617304,Mixed,53.0023
1317fb5d-608b-4c79-8198-f2ec68766224,0.645592170763217,1.4630947821754592,-0.8175026114122422,Oxidative,0.3366
131cc059-cc0f-43df-a19e-5f854a769181,0.8626215291182447,1.2794865102377964,-0.4168649811195516,Mixed,32.6082
134f1661-5f67-4184-bab4-bc9c6f80c789,0.7827137833939459,1.2824938707650098,-0.49978008737106383,Mixed,4.706
13b48a2d-dde2-4cd1-b26d-22621a002f5b,0.8665998781371695,1.2404929939866511,-0.3738931158494816,Mixed,31.2871
152893a4-2d02-4941-bbe9-eb038cce9ef2,0.8313044451942664,1.2731807024279413,-0.44187625723367496,Mixed,16.8286
158ed2cd-7be5-4191-89b6-0d034a6426c1,0.9266530425801667,1.2479004901181252,-0.32124744753795853,Mixed,70.8712
160f9fb3-e1e0-4f32-ab86-9555e838a0a0,0.9068806509078546,1.2396876077667205,-0.33280695685886585,Mixed,117.4073
16349fe9-a2c9-4577-8b34-6761dd22ee61,0.8887994752190617,1.225896231580163,-0.33709675636110126,Mixed,184.0055
164a6eaa-7f88-4687-a7e1-b907c468766e,0.8385886467572129,1.2274639948010513,-0.3888753480438384,Mixed,10.867
16574f32-3388-42a3-a5ca-9248e75fd522,0.8723227265676989,1.3206396118022818,-0.4483168852345829,Mixed,16.7255
17a7a252-7530-4f12-8cd8-50a049a1e653,0.9203916965369052,1.2357627373255147,-0.31537104078860945,Mixed,42.249
18913801-b38a-4439-8b34-25a7138e8fdd,0.7483546014127214,1.4037292810847357,-0.6553746796720143,Oxidative,2.3239
19062abb-b733-43e2-a9f2-81bca6d65a1e,0.8016744287616138,1.313990400383526,-0.5123159716219123,Oxidative,4.4915
192e08f8-1c39-462a-8762-7e2c7f4d5eb0,0.8400888819159562,1.2969278823413326,-0.4568390004253764,Mixed,85.0852
1a106eaf-ff8d-43eb-8720-8be7ba8d9888,0.8741672064779089,1.2233595864534215,-0.34919237997551256,Mixed,20.3781
1a351079-31b5-4080-a03d-62ea7065d7a8,0.8163261774926596,1.2044910036879688,-0.38816482619530923,Mixed,24.0624
1a9ee264-40bf-4a12-bcee-bd0f989e0798,0.9125631238126319,1.3058171838189088,-0.39325406000627683,Mixed,64.0896
1b242926-e8c1-4f9b-88fa-40211585207e,0.6854037468885371,1.365603895014315,-0.6802001481257779,Oxidative,0.7945
1b70671f-61a5-4a23-ab6b-2120e80d1698,0.8885014585685653,1.3355716806668987,-0.44707022209833336,Mixed,72.2496
1bce44b6-268e-4858-8b49-747045752331,0.8589859262874842,1.2573597005735166,-0.3983737742860325,Mixed,61.044
1bd902eb-9e76-406a-bfe9-b0b5861bcdfb,0.8900368172309566,1.307100648317686,-0.4170638310867293,Mixed,68.6233
1be72033-3da7-4266-9b58-2fff2dbaa48b,0.8820249039216443,1.2537973490869954,-0.371772445165351,Mixed,174.4225
1c38241a-2cdc-4b93-8845-87182a998ef4,0.8675246512957093,1.2654686207404187,-0.39794396944470933,Mixed,36.0652
1c5ca894-35e2-40f0-9d1a-38d25f6d6d78,0.792372683993645,1.3755232661177674,-0.5831505821241224,Oxidative,13.4326
1d4c5088-5f7a-4ac9-8a04-46288af80215,0.9202311723324887,1.253183711991106,-0.33295253965861726,Mixed,14.9377
1e1f9cde-c6e0-4925-944f-12d354ef858e,0.9443421895605045,1.3627174460190885,-0.418375256458584,Mixed,55.7228
1eb01cfb-4b8b-472b-a20b-61239ad14ab6,0.8519026236236766,1.237112923729773,-0.38521030010609647,Mixed,41.7154
1fbf38d0-bc11-4d81-81a3-2a558afa4db5,0.8625865464613336,1.2257066642662224,-0.36312011780488884,Mixed,124.3069
200dfa9f-ed6f-4434-9dde-7833f4d3b275,0.7870412545957707,1.403269697055505,-0.6162284424597343,Oxidative,3.4672
206a4211-c6c8-4f43-be95-1f36289d7bd6,0.8727894011365815,1.2458248526130034,-0.3730354514764218,Mixed,88.2009
213b2ef0-57cb-4fa3-9d56-2bda451006c9,0.7652261320612385,1.4175273602342495,-0.6523012281730111,Oxidative,2.1238
21702617-18af-41b6-98fa-54395bfd0d9a,0.880375552671604,1.3074943248083997,-0.4271187721367957,Mixed,35.8652
24ec3d48-d4c2-4f0c-b188-87ebc1f3123e,0.8915979379487154,1.3028260269823315,-0.4112280890336161,Mixed,34.799
24f33eec-e332-4d33-a628-a366f2a18d52,0.9153743315696753,1.3193199206257986,-0.4039455890561233,Mixed,29.8162
24f43a2c-0df0-464c-a4ef-80be1aa203df,0.7742041185473725,1.359925892615192,-0.5857217740678196,Oxidative,4.0064
255d2ed8-2b59-486a-bfe2-0ba938b9aeb6,0.7320391123267588,1.4259008208534127,-0.693861708526654,Oxidative,2.2258
2562285c-fe56-4011-a9e9-9e17bb78becb,0.783002133012859,1.346467779124762,-0.5634656461119029,Oxidative,6.2116
2670a02b-5a81-45b7-8b6c-f94b21bd2aa1,0.9178895227636703,1.2651350005172337,-0.3472454777535634,Mixed,96.482
2693e892-e285-4d51-b84a-7498437b6956,0.8365943424874132,1.2249606631326744,-0.3883663206452612,Mixed,35.0028
27023402-b661-4cda-98ef-f9b68b3f8c59,0.8342099675050303,1.2254109670799629,-0.3912009995749326,Mixed,54.456
27918218-c6a5-4f1d-b25c-bdf08d4146bd,0.8428785137990074,1.1784211874877848,-0.33554267368877744,Mixed,169.731
298544f7-b010-45cc-a518-619b8e04e4fc,0.9428498927444728,1.1887154744700845,-0.24586558172561168,Mixed,51.6647
2a8ed8a3-37a6-4492-823c-a86f392d0c44,0.8784486001813239,1.2754414310198101,-0.39699283083848624,Mixed,92.985
2a9c1676-cb34-430b-8111-6a28c563065b,0.6439616859401687,1.457966041897352,-0.8140043559571832,Oxidative,1.181
2afa2c24-7bbf-4855-acb8-feaa22dc4c33,0.7207585283766896,1.0366151219175919,-0.31585659354090223,Mixed,47.2027
2b0106c5-7e32-423b-957f-06c9f2e7751b,0.9030088362524764,1.329102450906788,-0.4260936146543115,Mixed,75.6604
2b2ee0d4-4834-47a8-8362-6e95d83919ad,0.9149184292623397,1.2519629572814914,-0.33704452801915175,Mixed,123.7918
2b393323-81e3-49e2-9acd-18eb8ab0c563,0.6495356002174115,1.461689935862477,-0.8121543356450656,Oxidative,2.0924
2b5b6593-4fe2-4c8a-92c6-5bd5a6c26320,0.8337973306100321,1.2795823410377065,-0.4457850104276744,Mixed,70.7778
2c1dfe31-3404-4bd8-b003-f3f649e21ecb,0.8748824790420959,1.2346994964947242,-0.3598170174526283,Mixed,28.8069
2d6da3de-d9be-4037-9fd7-e64d5c91ba1e,0.7803397799775948,1.3006536865749438,-0.520313906597349,Oxidative,7.692
2d6dd901-d11e-459e-ba2e-8a587e72633e,0.8544103983178776,1.2826311954638074,-0.42822079714592987,Mixed,22.8049
2e4b4712-a733-4599-8119-926aa5934be9,0.7881399004058605,1.3864541815188791,-0.5983142811130187,Oxidative,3.1505
2e5ca57e-8530-43b5-806f-8915d421552f,0.9060357381437729,1.295808800770004,-0.389773062626231,Mixed,53.9964
2f9b9698-edc6-4049-809c-9733f05f5c2b,0.8895568592548371,1.2594867806716985,-0.36992992141686143,Mixed,50.0067
2faa29c8-49e9-4fda-baea-f73583f3a27f,0.8975998177428358,1.3265825500833646,-0.42898273234052875,Mixed,54.6183
2fb6d7bd-f6df-45a4-b8a7-8de33119d52f,0.7416550713340192,1.4091944560586447,-0.6675393847246255,Oxidative,0.9622
304948c1-e699-44b0-814d-defc3a1119f3,0.9134726379830725,1.2967170355000444,-0.3832443975169718,Mixed,50.1977
307fc027-0530-452b-8fa9-d46f7fc73d0e,0.7500273045871381,0.9797424680698592,-0.22971516348272114,Mixed,34.2557
32d5318e-4553-4f8d-81bb-82f59885fc60,0.9195044383812879,1.22763836255143,-0.30813392417014207,Mixed,31.1091
32fb5b1c-5eac-4afc-9eac-fdde0dfe60d8,0.8727041190620044,1.289847614926254,-0.4171434958642497,Mixed,13.9118
330a912b-ae31-4a54-8611-f32b098ba946,0.7367085036232144,1.3609519248350774,-0.624243421211863,Oxidative,5.5752
331a54d0-3061-4e9e-93c7-3fb0f9a96254,0.7818170109877967,1.391526339432118,-0.6097093284443214,Oxidative,5.5526
3324e6df-28f9-42d8-8465-0fcc2d618004,0.7345000703210223,1.0202246619308664,-0.2857245916098441,Mixed,75.073
336a927a-fe7a-4c77-8fcb-5307cfd145c4,0.8860902289110227,1.3257994681347438,-0.43970923922372107,Mixed,48.9443
342bcdf8-2b01-45b8-9bb7-48f151345ac2,0.9081302048052001,1.2559450712504312,-0.3478148664452311,Mixed,91.5904
343ba69a-e983-4966-9084-3bf576a08701,0.8981444579131225,1.3552506377118179,-0.4571061797986954,Mixed,33.8772
34a71e25-c1fa-4f7a-9407-600964534fc5,0.902414297599886,1.2915157511755067,-0.38910145357562065,Mixed,116.5913
34bd0526-91b2-4b99-a33b-5d4bc8c68d39,0.7782047504364716,1.3333891380373573,-0.5551843876008856,Oxidative,7.3871
34fd315d-cfd8-4d85-8114-22311d55a1fc,0.8626971518824152,1.2445713940530272,-0.38187424217061194,Mixed,29.3515
3537c794-46e2-4756-b1d5-f32896e24536,0.7753128013765789,1.3761207648993043,-0.6008079635227255,Oxidative,1.514
3545f947-1a52-4e14-a98d-e400a6cb5e60,0.8833582793244827,1.322386199509629,-0.43902792018514636,Mixed,28.6402
3629b10d-fb7e-47a0-b2d2-4320de98fa17,0.9485003567390199,1.279058330395089,-0.3305579736560692,Mixed,50.8552
363d5bdc-23e6-40b0-929c-0805d86471eb,0.9161094041053196,1.1927269909600289,-0.2766175868547093,Mixed,131.5454
36513c94-fb14-4008-838a-13d23d609382,0.8915089418777011,1.2212580057369475,-0.3297490638592464,Mixed,71.1217
369d7929-e499-436c-b1cc-231715d11635,0.7662575678778036,1.3864589921430583,-0.6202014242652547,Oxidative,2.9309
36e0d06c-4153-4bc3-b415-3f18306218e3,0.8730516148653078,1.273690722103068,-0.4006391072377602,Mixed,84.0374
375080ea-cbbe-4dfb-8da3-cbef10418a2d,0.8876551985953626,1.340419586399163,-0.45276438780380046,Mixed,36.3955
378d47c4-4eda-40d5-ae71-6601a9e63191,0.901820333513539,1.3371152121332006,-0.43529487861966165,Mixed,58.4607
37faaa8d-fcc6-4feb-beae-cfe8155b03c2,0.8834540843699121,1.2928891980751658,-0.40943511370525365,Mixed,95.177
396123b0-8914-42db-a9f3-4fdf987c5faf,0.8447997452299607,1.2414061709884623,-0.3966064257585016,Mixed,53.5743
39b522e7-162a-42e6-bdcc-a156016b9a81,0.9014656046812509,1.3184447531704502,-0.41697914848919926,Mixed,43.0426
39c94a70-a68c-405c-bfbf-9675fbb1411a,0.9230258737232402,1.1679938348247558,-0.24496796110151564,Mixed,81.9891
39fd293e-c269-4de9-ae9e-4e68f8c20897,0.8463018473672568,1.314282202500268,-0.4679803551330113,Mixed,30.2864
3a6bb1dd-89ba-4f26-b7d7-c0c174c0bdf1,0.9565998416364523,1.250525069905622,-0.2939252282691698,Mixed,273.0035
3a9cb52e-6bc0-475c-9eee-230527a3e305,0.884280646798677,1.244800591830423,-0.360519945031746,Mixed,73.5178
3b473c49-9140-4d1d-b9f9-0c9056e93d8a,0.7098313676893199,1.490334145256697,-0.7805027775673771,Oxidative,1.1638
3bca5269-8bb3-4826-bc22-e7b068853f45,0.8725824259073779,1.2943202168065289,-0.421737790899151,Mixed,42.9061
3bfbdcb6-1e9a-43e9-9015-d55b279dc559,0.7727816403179761,1.3763452336880302,-0.603563593370054,Oxidative,5.485
3c0ebda3-32a1-43ca-9b7b-0cb4c8caa33f,0.8702984038198289,1.2155093936915369,-0.34521098987170795,Mixed,57.9394
3c5c707d-2046-4dcd-a566-bea1eaf24f74,0.8160057970333121,1.3756780039406808,-0.5596722069073687,Oxidative,15.5284
3c7b458e-ecca-4d6a-b1c7-48152e184c0b,0.7911530402868026,1.249449525092106,-0.4582964848053035,Mixed,20.0238
3ce8971c-7d06-4da7-af07-efaf4c9f6a75,0.9282017440486309,1.3016906987797492,-0.3734889547311183,Mixed,89.6085
3de35a77-f963-45ff-bfad-a5f24dda75ef,0.7984174519375039,1.442640442214875,-0.6442229902773712,Oxidative,3.8305
3dff6d1d-98ca-49b9-a6e4-5a4da59fb2f8,0.8806460351884386,1.3847033309870318,-0.5040572957985932,Oxidative,74.139
3e2569b7-b145-4bda-9bdf-24105aefe42c,0.857862000867613,1.2956253302877265,-0.43776332942011353,Mixed,28.9183
3f22ab0f-057b-4d34-8722-63ec8c8d1d33,0.8551279026739153,1.310576668790344,-0.4554487661164287,Mixed,78.1504
3f311bca-c591-4dbe-bfb2-fc513259f21c,0.9158023968351624,1.1317642232961347,-0.21596182646097228,Mixed,94.7822
3f5f2871-02ed-48d4-9d26-e4fe823c7df0,0.8392095435158163,1.3242711478091909,-0.4850616042933745,Mixed,11.9743
3fcab96a-b477-48f8-8acd-5c8b76e0c952,0.8397205958417834,1.2124607661148619,-0.3727401702730785,Mixed,29.7035
409aef9c-9085-4e66-a304-fc2aaabaf0d7,0.8602857716869081,1.2677465731881596,-0.4074608015012515,Mixed,39.712
40b17492-39d1-4ce2-8f91-9e1cba32f42a,0.8620038074486783,1.2003577920989192,-0.3383539846502409,Mixed,115.7628
4134fa64-6365-4a43-b990-48342be44405,0.6389691667009927,1.4875016406597747,-0.8485324739587821,Oxidative,1.6219
41954992-a111-4fbb-b6e2-d5ac8f564bf6,0.7906104657575299,1.4079774460715708,-0.6173669803140409,Oxidative,2.7097
41cc637e-36ce-4e10-8175-f24909ff0472,0.7258391146870731,1.3936298640916132,-0.6677907494045401,Oxidative,3.403
421291fd-adda-42ab-8574-209da13d33a6,0.8971556792645417,1.15104713639862,-0.25389145713407846,Mixed,53.8892
424b672b-e409-4b9c-821f-b9d16cc3f454,0.8681638390565288,1.305679610584718,-0.4375157715281891,Mixed,128.279
429ed057-ecc0-41e3-8774-afffe246bcee,0.8658421427004068,1.2013098141567193,-0.3354676714563125,Mixed,80.3628
432ac91a-657b-4630-a5c8-0499aed1b13c,0.8384221683273004,1.3626504597499742,-0.5242282914226738,Oxidative,40.5306
4488f655-ed4d-44d1-acad-20d9c530f84d,0.8942402057021889,1.3543503871413214,-0.4601101814391325,Mixed,55.3524
44c858ac-1ce0-491a-aef5-979224aa09f5,0.8097204399366664,1.1764294793932226,-0.3667090394565562,Mixed,190.3671
44dade70-3ecc-4be0-88a8-772cb763d5bb,0.7974371164713354,1.4470161494191593,-0.6495790329478239,Oxidative,2.8648
44f16ded-c9e7-422c-a03c-1ec124acd76c,0.8717761797616668,1.2904583581113525,-0.4186821783496857,Mixed,26.9753
450ec77d-c822-4d53-9a2b-bd6e4b6b9a62,0.9414772680459963,1.2858585497487207,-0.3443812817027244,Mixed,23.1836
451091ae-1364-4e63-b2c6-82e72aae9458,0.8720684330106032,1.275857129607767,-0.40378869659716377,Mixed,76.5951
457ef116-5df9-4a29-b802-65622d6ca5e9,0.867801305172827,1.1987246400815008,-0.33092333490867376,Mixed,19.382
460999dc-ccec-4f00-bdf5-cf285375fade,0.8905490953077138,1.2070913507225718,-0.31654225541485803,Mixed,44.4667
466888ef-7b80-471e-822c-bf355ef474b8,0.88936955984419,1.2231805240866254,-0.3338109642424354,Mixed,32.4605
46b3a547-c7a4-4499-9a77-29eb56f0a570,0.9295454526445264,1.289068028743262,-0.3595225760987357,Mixed,106.9744
4845a010-e208-4c1b-85b1-99fbd155edf2,0.8719706423064008,1.2730005156653394,-0.4010298733589387,Mixed,20.5232
4850ae76-fede-466d-9362-c0d2e16335ad,0.8856812167578939,1.2516733793679997,-0.3659921626101058,Mixed,217.3565
485e84af-cd91-4096-a2e4-d2594481e5bf,0.8395112243362021,1.2417919391652397,-0.4022807148290376,Mixed,46.7113
486f1d07-6c9a-445d-b603-129238a55dbb,0.8761018720483325,1.3223610793176994,-0.44625920726936696,Mixed,36.7396
489b2714-26c8-4889-9ca9-378957da1a6c,0.8416439921867881,1.2744011397097672,-0.4327571475229791,Mixed,6.8826
4962d196-c54d-442d-b7b3-dd34f8082781,0.834220012771735,1.3003565552296703,-0.46613654245793534,Mixed,10.4914
499d7906-265e-4836-b2b5-55203bf08e2d,0.8692694341237661,1.2361937070424782,-0.3669242729187121,Mixed,104.7298
49ddcd56-df4a-4136-a743-c21bb6bfd8a6,0.8639248381895046,1.2296258726760123,-0.3657010344865077,Mixed,27.1102
4a0d03ae-65be-4168-89c9-0a756f0e47fc,0.9270387164240556,1.314764253154243,-0.3877255367301874,Mixed,32.5772
4a29721a-1de3-4e14-b905-f39aacb1bd53,0.8634501260081187,1.2360147554830454,-0.37256462947492675,Mixed,55.9369
4a2da9f0-b75d-466c-b9f0-2e910ee24365,0.832302031862133,1.3896955972000842,-0.5573935653379511,Oxidative,11.6144
4a63eb90-d580-40d0-9136-a7baf34d3627,0.875059683987603,1.3040131296939046,-0.42895344570630156,Mixed,62.7559
4ab7002a-08f8-4187-96cd-8f3183336a5a,0.7671871134085079,1.3987188701601148,-0.6315317567516069,Oxidative,1.6068
4ab781c9-0569-4b74-b233-a8d898392f66,0.7873211585509164,1.1853511917034008,-0.3980300331524843,Mixed,39.7549
4b2c1bf1-9a07-4b71-8a9a-c60c9564b686,0.9829658074217881,1.2650972046813227,-0.2821313972595346,Mixed,52.9175
4b758e7e-870c-4b60-8cb6-dac730bd9faf,0.8394047358574078,1.2118280268899853,-0.37242329103257743,Mixed,17.3708
4b881bd7-355b-4b47-8c00-41734f8e01d2,0.8913283322764047,1.273776093900357,-0.38244776162395233,Mixed,77.1574
4bc67f13-2c7c-4be8-8bfe-1c2fffecf694,0.8619008702430945,1.3708139019979957,-0.5089130317549012,Oxidative,38.3872
4caac446-75ef-4e21-ab99-216a5962f956,0.8610718160467996,1.2124484708529137,-0.35137665480611413,Mixed,17.4145
4cc1c81c-7e39-4d3a-a142-3f64698d6c24,0.921881046064107,1.2877732686380012,-0.3658922225738942,Mixed,74.5449
4d4db765-51e5-4549-a559-114bae985a88,0.8216172077131308,1.2801379769759131,-0.4585207692627823,Mixed,24.0265
4d6e5f5f-ab63-49a6-9a53-a89b7ef76783,0.7580221819340595,1.2768383007201227,-0.5188161187860633,Oxidative,4.7105
4d986c3f-bde2-4e66-836d-30b701d0781c,0.8309255445492526,1.2069861346184794,-0.37606059006922676,Mixed,46.3116
4d9d7601-1c03-422d-8dc1-1857593c49a5,1.006241371800158,1.2572730515242472,-0.25103167972408924,Mixed,161.5646
4dcd0f2b-a6c0-4732-92eb-37a593afd93a,0.9029386303022733,1.2563604974078946,-0.3534218671056213,Mixed,35.3286
4e760e7b-84cb-42ea-9ea9-259abe362af3,0.8608352626532509,1.2697461163554762,-0.40891085370222524,Mixed,54.264
4ea0bf83-1d7e-41da-a34d-221add8155b2,0.7965552905791499,1.2038390009467983,-0.40728371036764843,Mixed,12.8159
4f836d31-425e-43d4-8052-5e4a1d770efd,0.8651945473494058,1.2117670471325965,-0.3465724997831907,Mixed,66.2852
4f8bfa46-5071-4cd4-9626-b91221550dd7,0.9630862249063205,1.2531099253588076,-0.29002370045248715,Mixed,99.5645
4fc55db0-591e-4931-91c3-75d515504117,0.89915283520721,1.2984336071477087,-0.3992807719404987,Mixed,43.9782
5013520a-e7b1-4171-865c-f5a624741432,0.9381980686522624,1.3435922050114595,-0.4053941363591971,Mixed,126.5723
5030b65c-c5f2-4bb8-afb6-1bd4c5b1abd4,0.9566196096181748,1.2258199946602306,-0.2692003850420558,Mixed,140.1533
512aef07-f542-4aa6-b3e6-8f74ae1ce224,0.8906489798393915,1.268735700335264,-0.37808672049587244,Mixed,31.5753
51a2c5e1-ba04-4178-a5b0-0ac50c870c4e,0.9180644007592144,1.2985360954441543,-0.3804716946849399,Mixed,65.5746
51a84b87-eddd-40a9-ad8a-46f3682b9318,0.9164297821211833,1.2358496000373196,-0.3194198179161363,Mixed,34.8197
52258ebc-d3ba-4795-83c9-6457386fea2b,0.8737531273448824,1.2876664770178359,-0.41391334967295346,Mixed,27.8164
5226aa23-2d1c-4b1a-b967-e473b0ea042a,0.8500280467457139,1.2567818195371667,-0.40675377279145286,Mixed,43.9073
52433ea4-d6cc-4d21-a1af-d62c3e9c5d77,0.9215844274479568,1.2659805719677621,-0.3443961445198054,Mixed,35.8257
52f4db86-9951-464d-a9c2-520a3681a9a8,0.8704482834077241,1.2941117949011978,-0.4236635114934737,Mixed,85.8952
539f5a17-442a-4c07-9606-b8f88c731504,0.6642037562665559,1.4629605361887337,-0.7987567799221778,Oxidative,0.1983
53a4f1ae-7669-4580-b054-0a5b58e76520,0.8666689113544602,1.1904971067395471,-0.3238281953850869,Mixed,58.0501
5474fa69-b83c-44b9-8e1b-1b16406a42ed,0.9169354645824225,1.2485208095529468,-0.3315853449705243,Mixed,41.0331
54813ceb-f5c7-4c62-8b0a-047145bb6bae,0.8048344034535717,1.1479893532418064,-0.3431549497882347,Mixed,34.8878
54bccab4-c77e-4848-b698-b62941d96289,0.8456778421525681,1.2583647299416805,-0.41268688778911233,Mixed,74.4172
5544a704-6f67-4c0d-b4ad-9becaab27512,0.9305533955910137,1.3420613604110667,-0.41150796482005303,Mixed,117.4698
5576ae8b-e6e9-496d-854a-8c696bd965c9,0.9039578806848573,1.3384096745065093,-0.434451793821652,Mixed,161.2008
563b7a76-4875-41e3-a39f-c36f4476c159,0.8382140878395585,1.1954831771741379,-0.35726908933457935,Mixed,63.1195
56c82934-f740-406c-afad-f9d8bd17aff3,0.8967429619127012,1.2758561519538087,-0.37911319004110755,Mixed,57.4268
572cfe32-d1b4-44f7-98f4-a9079f3e376c,0.7661347391077458,1.39798243138798,-0.6318476922802343,Oxidative,1.8265
572fb090-3796-4170-829d-7b77c1e8127d,0.9401089179897337,1.3316238052478095,-0.3915148872580758,Mixed,66.6435
5741a507-2543-4c6e-a927-2441813632b6,0.8818690856609166,1.2588536258030567,-0.3769845401421401,Mixed,69.9026
577d7013-8d37-427c-82b0-24e46b891a34,0.8412544782143376,1.2846656463306672,-0.4434111681163295,Mixed,26.9352
578db3bb-5ca7-413d-a38b-79876d4b98ac,0.897774183023189,1.2718009772992653,-0.3740267942760763,Mixed,83.1654
58585ab6-9163-4bfb-ae55-9529ad1bc3aa,0.8569173106805168,1.184294139150112,-0.32737682846959526,Mixed,61.6663
588a43e3-60a0-416b-9b79-48d863d054bf,0.8257471234148911,1.2218359235261707,-0.39608880011127956,Mixed,41.0517
58cdb5fa-ab1d-4b7c-a790-4c81cd86efc4,0.9142632764922285,1.3454861241407083,-0.43122284764847985,Mixed,41.8527
58eee6a5-aaae-486e-b4ec-ba191af5fcb5,0.74930502450879,1.4100543716021943,-0.6607493470934043,Oxidative,1.5712
59f744da-4e53-4cca-a7f1-48a27f91aba1,0.9300966660041894,1.2245229700427984,-0.29442630403860903,Mixed,59.999
5a1cd867-8bad-4e36-908a-c82b6ae64083,0.8899581700262577,1.2423982715479405,-0.3524401015216828,Mixed,43.6577
5acfa9e0-c339-40aa-ab9f-0492fbc6db91,0.8713623754877841,1.273862197237438,-0.40249982174965393,Mixed,89.7032
5b7970e3-9272-4919-beaa-176127e7be10,0.9629438922858834,1.2675376798569884,-0.304593787571105,Mixed,83.0494
5cbfa01a-86a9-467e-9efa-7ae47bce3587,0.8657388240087802,1.2289024495228427,-0.36316362551406245,Mixed,46.0115
5cd2f5f2-1325-454e-94a3-253d475205ef,0.8890194596905409,1.30807078032813,-0.4190513206375891,Mixed,51.1572
5d1a0224-01c6-4843-baab-12f1a56b767a,0.6711550950811372,1.432552124690283,-0.7613970296091458,Oxidative,1.619
5d803708-5262-42a8-a390-71a3d800347d,0.8603777002688237,1.1847162815519254,-0.3243385812831018,Mixed,49.1437
5d956a24-693e-47ad-b315-180c86a0528e,0.8759846512059749,1.1803447459839709,-0.30436009477799597,Mixed,92.036
5d9c87af-9ac3-42a7-a0c3-84a490957188,0.7985659777971269,1.421114416813423,-0.6225484390162962,Oxidative,1.2669
5df50268-5981-49b7-8604-1dfe1af21cb9,0.7692892866310537,1.3927930457560083,-0.6235037591249546,Oxidative,4.0221
5e794eb4-35eb-4932-9cae-8130fd8b5804,0.8242806015807114,1.22562030164592,-0.4013397000652086,Mixed,37.0786
5eae461a-399f-4f2b-ab9a-e92aba32ce14,0.8790467582513944,1.3083448641606397,-0.4292981059092452,Mixed,55.5109
5eb4cdf7-10ee-4e24-801c-7297b5b3ebd7,0.8608165482618666,1.3436454612078899,-0.48282891294602326,Mixed,1.4458
5f006edb-0f66-45eb-9a36-e31bbcdf8147,0.7389952568044876,1.415507316348713,-0.6765120595442254,Oxidative,10.2267
5f2edb2e-9b7f-44d6-af6c-ff958631cf6a,0.9322437931535297,1.2443195160910625,-0.31207572293753283,Mixed,61.5608
5fc65294-257d-41eb-83b5-1cb566b1743f,0.8514035355881326,1.2798729498595907,-0.428469414271458,Mixed,20.1749
6054b034-7dfc-4bb6-973f-ab26ff94c578,0.7435986302445123,1.4214982730918362,-0.6778996428473238,Oxidative,1.1791
60ae8b09-673e-418f-abda-7e3ce228c808,0.9028305190468602,1.3218780472520784,-0.4190475282052182,Mixed,45.2561
617f7aad-7b59-4e20-8e1c-fa324cc1bef4,0.9033619946509676,1.2970944599980632,-0.3937324653470956,Mixed,31.0889
61894bd0-9fdb-4bb1-b32c-f52dbc10c850,0.8745858150160726,1.1865759940298997,-0.3119901790138271,Mixed,57.1642
61e2977f-ac86-4a5a-819d-3fba1af9253a,0.778295682496832,1.4285045767916962,-0.6502088942948642,Oxidative,1.701
61e85059-9ba2-43ba-9246-4731ace197e4,0.9081223788195038,1.2667369002428797,-0.3586145214233759,Mixed,38.6451
61ee46ed-0cb0-428d-806b-db92f33e0c93,0.8861196719619835,1.264057182103887,-0.3779375101419036,Mixed,40.2293
61ffeb1c-0382-40bb-bd32-a071b2b4c39d,0.8922446290415084,1.3168730292027329,-0.4246284001612245,Mixed,46.802
62482815-63b6-4df9-8698-44a2d5cdafaf,0.8958529877015282,1.2782828494272276,-0.38242986172569937,Mixed,18.4686
626f256f-7057-47c3-8775-cda761910b1f,0.8470267305263536,1.1620436737605369,-0.3150169432341833,Mixed,50.4688
6304f098-1ae4-4c6c-93c7-ac5b15b307a7,0.865079372960759,1.2757440820697605,-0.41066470910900155,Mixed,14.4841
633fef2c-c9ce-4b76-ae7b-0dfcc4123a6f,0.801863300644981,1.2709219918851538,-0.46905869124017274,Mixed,12.8962
636b709e-402e-4c0c-8ee3-a5dff383abfd,0.8823726711121325,1.298515679333302,-0.41614300822116945,Mixed,30.0427
637c8c48-42f9-43d7-8281-c014f4170109,0.9583182634953703,1.3360141876804488,-0.37769592418507847,Mixed,39.261
66b1f91a-937c-4e1f-b4ab-07d1ef9fe1db,0.8045619735031249,1.247824661824692,-0.4432626883215671,Mixed,11.8088
6838acd3-3b0b-4ba4-b9da-1d0ffe9c5640,0.8982642152473695,1.2736328390957221,-0.37536862384835257,Mixed,48.5071
68aef922-b430-4183-baf0-fd980deaeaa0,0.9424754019727131,1.261608264337177,-0.31913286236446403,Mixed,53.2183
69c0795b-d68f-4262-9e00-39eff5b66814,0.9064092424588281,1.2620729702797049,-0.35566372782087674,Mixed,194.1897
6a1c052c-21bb-4688-96db-3d605b0fa93a,0.8873663994874489,1.2535772550306905,-0.3662108555432416,Mixed,43.2945
6a2325f0-0fe8-4fab-8af3-ab89e8aa47f0,0.7667030287014195,1.4041463499473232,-0.6374433212459037,Oxidative,2.819
6a408551-3028-49cd-b896-6bfcb1abde4b,0.7418470323687155,1.4590379486390115,-0.717190916270296,Oxidative,4.5685
6ae1ed76-5b6f-41a6-917b-cc713f874a03,0.9277888772053983,1.253409976583927,-0.3256210993785288,Mixed,65.0866
6b920c35-ec0c-4772-9163-a22f4cb27c9f,0.8543198035163273,1.1364046466164595,-0.28208484310013215,Mixed,62.7348
6b95e135-1a51-4d0c-bd2c-ab55273a3eb7,0.8000512829947324,1.1767227947735157,-0.37667151177878333,Mixed,22.1947
6b9f9688-4bd2-4e54-9744-ac31665650b2,0.9102727257743622,1.346274196619454,-0.4360014708450918,Mixed,57.7211
6d0df9bf-69d6-447f-b2d9-76391e95d61d,0.8469866125559912,1.247899226043569,-0.4009126134875779,Mixed,31.6926
6d1cfff6-d608-4ae2-ab75-9dd095323a40,0.8239260853923315,1.2150353506534712,-0.39110926526113976,Mixed,52.8739
6d47118e-cd8a-4d75-970f-2f0f3aff712c,0.8809779275187369,1.3152552760522627,-0.43427734853352573,Mixed,19.552
6d481b79-8322-4ac0-93ba-aaa34fd41ed9,0.9757592385424074,1.280125610432459,-0.30436637189005156,Mixed,29.9741
6d560c49-6d99-467b-b2a9-5d236eff9f87,0.8731835289407369,1.2447803753800353,-0.37159684643929836,Mixed,58.8289
6d8bf03c-2f7c-45b1-b81c-1de9d5085960,0.8845662223027254,1.331458720303215,-0.4468924980004897,Mixed,12.1675
6dc1b313-81c8-4b4d-8fcd-07ad3fe499f7,0.8668904930654852,1.3547409644848758,-0.48785047141939064,Mixed,22.7211
6df1efd7-bd1b-4c00-8cbb-eb1b6b7c78b6,0.8201536959201996,1.2627304382193776,-0.442576742299178,Mixed,11.2083
6e837fc7-1583-4fde-af30-fe955e7651bf,0.8876304711052615,1.2279876719598763,-0.34035720085461485,Mixed,171.179
6ebb7461-432b-4ca5-b709-54ea97a634cc,0.9761526903041914,1.274397734034689,-0.29824504373049765,Mixed,141.195
6ec7b719-0f95-4108-8e26-a7049e29d495,0.744555438259927,1.4163515907431679,-0.6717961524832409,Oxidative,1.4312
6f2cbdf8-24b9-4b9c-9a73-4e872852e6ac,0.9172927904964006,1.389642115972037,-0.47234932547563635,Mixed,68.9766
6f5c8394-3144-428a-a38d-eb39be4379b5,0.8848534711722333,1.2815120204011976,-0.39665854922896426,Mixed,132.8134
6faba44d-0367-4d54-a41e-1f2969760558,0.849374679284709,1.284951418609493,-0.435576739324784,Mixed,21.7913
70060c00-5e4c-41f0-abff-f573881194aa,0.8926938529862799,1.2746121956027294,-0.3819183426164495,Mixed,164.3925
714163fc-e8ac-44f4-9ea6-5ce42e628290,0.8450210821844455,1.1782588055082563,-0.33323772332381085,Mixed,25.6623
71b8a9c9-4822-4b40-be0b-0c06b485975a,0.937848579432643,1.1901861035766794,-0.25233752414403643,Mixed,123.1148
72595e5d-dab6-4d89-8332-6b0a599e218b,0.84454096288031,1.2309319147650126,-0.3863909518847026,Mixed,58.4829
726754a2-6158-4eae-a2ce-5f880d33823e,0.8759873147322479,1.2524077426624103,-0.3764204279301624,Mixed,23.0028
73b5e567-d5a8-4fe7-b60e-fd4654d56fb5,0.747235247990567,1.429160880843111,-0.6819256328525442,Oxidative,1.0095
73d97d28-fb60-4380-8ba0-34e79da74af2,0.7431842355536831,1.420370016696956,-0.6771857811432729,Oxidative,1.2237
742932b6-cf2c-4750-9a0c-145ec93d1da0,0.9104795153141341,1.3475233402284368,-0.4370438249143027,Mixed,83.2649
7437d3a0-976d-4151-8f89-b30a4a092a60,0.7900946750870247,1.4365436758982273,-0.6464490008112026,Oxidative,1.7726
743a0026-5df2-4a13-8abf-aa45798ec131,0.7600245642096692,1.4123819282925887,-0.6523573640829194,Oxidative,2.2096
7560bd39-ffd0-45ae-95c9-451bccc8ccc4,0.9227344132003592,1.3363968155955543,-0.41366240239519514,Mixed,124.7076
77cfb44f-6e99-4c0b-bd54-6ab249fd54ef,0.8993114970168409,1.1524586629216067,-0.2531471659047658,Mixed,79.9758
78beabfc-8b98-4f21-94c2-cd6c21255f66,0.7797100106982541,1.415470923851304,-0.6357609131530498,Oxidative,2.3121
7947afe8-e62c-4d32-81d6-5eb44fd1cea6,0.8688435538594523,1.2746932584376038,-0.4058497045781515,Mixed,79.1362
79b49079-070b-4b97-80b9-838bbd32f33c,0.8869313066337776,1.231144429030727,-0.34421312239694934,Mixed,41.3589
79b8911f-fabb-416e-9b80-2f55080192c3,0.8213850938190459,1.213276059011193,-0.39189096519214717,Mixed,79.6925
7a16bbe0-eed5-45f2-8400-8874924a6eda,0.9397511024093165,1.220085629676564,-0.2803345272672476,Mixed,83.5759
7a3b5b7d-67cc-4048-9bd9-9db08bad1601,0.881268224676631,1.2749197699105788,-0.39365154523394774,Mixed,97.351
7af3ee8b-cb9e-47b9-9ddb-16006b20cb17,0.8817058421497795,1.3323314856809727,-0.45062564353119317,Mixed,32.3807
7b34b9d4-8526-4738-87b4-f9435a1c7ae1,0.890461242271018,1.239883548016111,-0.34942230574509303,Mixed,40.1942
7b3da303-63a6-4bd7-ab94-cf6e38dfe1e0,0.8522810455493272,1.2859068124198851,-0.433625766870558,Mixed,43.5361
7bb02e2f-67db-4527-959a-4f38da4edd7a,0.8803428115015135,1.277430210859031,-0.39708739935751747,Mixed,93.3153
7c7bfa90-8754-4170-b009-ba858bddcb38,0.8289360933122734,1.3539872717292423,-0.5250511784169689,Oxidative,57.8843
7c90bf9b-74c9-459c-9cd7-944ea4535a6d,0.7634050561656357,1.468431455401524,-0.7050263992358884,Oxidative,1.2039
7d7719e1-5451-4ec0-a3d6-99aaaf640bcd,0.78757162088021,1.4206497232572364,-0.6330781023770263,Oxidative,3.9815
7e479a5b-d557-4838-b415-3ceb31d1a139,0.8534404037812291,1.1684942113262318,-0.3150538075450027,Mixed,48.5587
7e74a46c-7ff4-4d46-b9a8-b10aa076f448,0.7852826920177758,1.2746066366689317,-0.4893239446511559,Mixed,11.6377
7ef1199e-aedb-4470-81a1-70d93655154b,0.8738527146668899,1.2374146534443933,-0.3635619387775034,Mixed,149.3418
7f16d20f-07e2-4901-ae00-4da70125e8a3,0.969629720754296,1.2891817902105898,-0.3195520694562938,Mixed,55.6778
7f6b6886-84b6-4cb9-8b01-b2d10f55b8c9,0.8930089445441712,1.3212936475690098,-0.42828470302483856,Mixed,22.9189
7fc459c0-68f0-414f-ad41-737b4de021be,0.8748636177837955,1.2815727244768251,-0.4067091066930296,Mixed,27.5494
80156b04-f280-4915-8bc0-1667c178aa37,0.8383625009905794,1.217690137476297,-0.37932763648571755,Mixed,133.7208
80472422-c0f4-4814-be44-fb1c9e821409,0.8451799589203463,1.2959496071166767,-0.4507696481963305,Mixed,29.5662
80a63e36-0f14-4d11-880b-c9c425034d5b,0.8489474888158357,1.2673099387060556,-0.41836244989021987,Mixed,15.0521
80bd1a2f-c729-40f3-b50f-8a3b766e0231,0.7634832533799025,1.423355752863195,-0.6598724994832925,Oxidative,1.4665
80ef1b28-350f-4ca8-8da5-a5afcaa0f2b8,0.8883423887625136,1.3626683955301664,-0.4743260067676528,Mixed,39.0691
813cb150-7ef6-4fa7-9a64-c70f9401513c,0.8878156096516252,1.2523899547877024,-0.3645743451360772,Mixed,19.8821
81cbdf35-12a2-435d-bec9-0f52c47f7a0f,0.7738623993000229,1.4919159204596257,-0.7180535211596029,Oxidative,6.822
8225b9d3-d25a-4f08-b369-d0ac81a8748c,0.9156697875153164,1.3774189848547758,-0.4617491973394594,Mixed,47.9865
822bf4fe-8d43-47c8-9906-5d38c4a21f27,0.8934121104143089,1.2769307625741315,-0.3835186521598226,Mixed,10.7122
828b7513-8452-4541-8576-8c2f66e79892,0.8126582689111844,1.388148872017427,-0.5754906031062427,Oxidative,5.4425
831bedf9-e67d-4a2a-b0a7-6d6c92edf77a,0.8455864493483515,1.3073121941986292,-0.46172574485027773,Mixed,18.2585
83300c43-0958-4165-99cf-e956cb47d38b,0.9290006701229361,1.2420577399578931,-0.31305706983495707,Mixed,37.235
83395208-40ec-4a57-a3ea-5f9dd8491998,0.7141180963797537,1.392373096360498,-0.6782549999807445,Oxidative,3.43
8398a735-962c-4b4c-87b6-cf1e0a07ce91,0.8522987250301414,1.2363683709453581,-0.38406964591521675,Mixed,39.0124
83eb5df9-30fa-4c4f-a062-5ffe6d7f2c3d,0.8710744515450831,1.3102037633026746,-0.4391293117575915,Mixed,26.9353
843f5279-d6a2-4616-a3e7-985f26247cc7,0.8894015558237628,1.3846063402105269,-0.4952047843867641,Mixed,49.6347
84541c24-ecb8-47a6-9e6f-45a6fe854d93,0.8715441675903727,1.103769907931018,-0.23222574034064525,Mixed,56.7363
8522fa29-c1b0-4e41-9bcb-2e0bc7c8e2d0,0.9440709546863829,1.3674434598088905,-0.42337250512250757,Mixed,103.628
85746e9c-d9b1-419f-8f17-3b7927cc3c2b,0.8714709954038767,1.3088307205064944,-0.43735972510261767,Mixed,96.2716
862e5c87-bed8-4310-b9ed-1018568bdc78,0.8206671436663462,1.1926800507909425,-0.37201290712459634,Mixed,41.844
86e14130-79ee-4cbf-8328-3dd9c65d61dd,0.8416997903822785,1.412284617104033,-0.5705848267217546,Oxidative,16.7108
86f25e09-9bdb-478d-b929-6f570418af6c,0.8733110173061515,1.1859851689088732,-0.3126741516027217,Mixed,21.2489
86fef024-a657-476b-89c5-adb5477597ea,0.8052524768035714,1.2179471889368818,-0.41269471213331044,Mixed,1.3007
88aade97-0051-480d-be54-bce61b4e5b91,0.9583568648163283,1.2525641024808245,-0.2942072376644962,Mixed,152.9977
89bb336a-c128-4492-9109-e657f8f2011b,0.9457699038500809,1.2949688643644293,-0.3491989605143484,Mixed,59.0488
89cf5c7f-c4af-4eb6-97a5-cc086fe76bbb,0.8856609741834439,1.2824272613463015,-0.39676628716285756,Mixed,34.6137
8a56004e-52fb-4a5e-afa0-e466ca53d57b,0.7939473810260502,1.3389698471884757,-0.5450224661624254,Oxidative,3.9429
8af84f63-5974-4e14-b818-73eb8678eaab,0.848873179085603,1.2526060690719385,-0.4037328899863355,Mixed,39.8976
8b3d23b8-cf1f-49ed-bd33-f340984cca9b,0.965041803134266,1.2536466093264502,-0.2886048061921842,Mixed,72.3677
8bbda4a1-af04-496f-b047-1d74c29ec19a,0.8257700824865267,1.2735561009004979,-0.44778601841397114,Mixed,19.6138
8bec131b-088c-41f6-95d1-3eece690b53f,0.9177734042629598,1.2995509162443544,-0.38177751198139454,Mixed,32.0534
8c2d01a0-7df8-465a-9739-b25d96f98ddd,0.7368888834155269,1.3604619801415299,-0.6235730967260029,Oxidative,4.5058
8c4bd061-8371-4313-bfdc-1b2213daea12,0.8501864722983612,1.2453269393895616,-0.39514046709120043,Mixed,53.7088
8cd89112-70a7-4f63-9b41-e3379589cb5e,0.8162621989948002,1.1204937378279014,-0.30423153883310117,Mixed,37.5452
8ceb5f0b-cbfb-400d-93b8-df005bb46e31,0.7651445879126507,1.417290656194381,-0.6521460682817303,Oxidative,4.0357
8d116906-c391-48f2-9eb4-94945197d90b,0.8420501358846592,1.2257486363188472,-0.3836985004341881,Mixed,28.8687
8d2de4ab-6e9a-40e6-b9ec-8c3c78e7f19c,0.8501099168918704,1.2300044069951295,-0.37989449010325904,Mixed,57.9338
8e10e799-ae5c-49f7-a249-2d16d796066c,0.8056118256443779,1.4221495149909191,-0.6165376893465412,Oxidative,6.1612
8e4480b4-e56b-4937-94c7-617b4125615c,0.8461011254991007,1.2818941350695896,-0.43579300957048894,Mixed,17.9027
8e4576b0-ae52-47fa-b4a0-eaaed1fefcd2,0.9485987101703627,1.2088878934519516,-0.2602891832815889,Mixed,175.9923
8e95a2b4-3110-4dd6-b3c9-b3e83c563282,0.7967702583830883,1.2110317155990695,-0.4142614572159812,Mixed,36.6945
8eb67e14-ab2d-4d8c-a945-fbdc6ad6a7be,0.8456214878017698,1.297176773185006,-0.4515552853832361,Mixed,17.4169
8ebdb262-631c-4ac0-af24-16dca92d8c45,0.8348872077588058,1.1758167979554226,-0.34092959019661684,Mixed,48.8204
8ebf5653-96f8-4adc-a251-d8c059d699b0,0.9405395801414422,1.2456353053225127,-0.3050957251810704,Mixed,60.1502
8fc7b6c7-aa50-4a13-a898-35a6bce2d32f,0.9234613467910318,1.31682669648846,-0.3933653496974283,Mixed,33.8023
8fe484cf-e146-4b6f-a852-b2510c7eac4b,0.7811984022308874,1.2928585201541525,-0.511660117923265,Oxidative,5.3188
900aa358-a422-4edc-a65e-4b99f4b7625a,0.8398035445554122,1.3677913749320811,-0.527987830376669,Oxidative,14.9144
902fddff-c332-4871-bf4e-c9fa0445f2a2,0.8676201299865851,1.291334092961201,-0.42371396297461583,Mixed,43.0322
90dddb30-1084-4127-b1fe-42ccbece28d5,0.8862170822371916,1.2661838950396398,-0.37996681280244815,Mixed,20.2934
915bec49-700e-44fc-af01-e96ab507aab3,0.8441027468283036,1.286356801124886,-0.4422540542965825,Mixed,22.6447
929af903-a778-4a8c-9d04-de3c9d9df5eb,0.8948503764000939,1.2481626052589938,-0.3533122288588999,Mixed,81.8768
9315dffd-edea-4710-92a8-810998e08cb1,0.9280477938809504,1.2155492364721272,-0.2875014425911768,Mixed,64.0351
961f4263-5071-4dfd-b626-346f916b4c9d,0.8698171804337675,1.1455753307909324,-0.2757581503571649,Mixed,93.0609
9651c36d-8d1e-411a-9d5a-42550b73b426,0.8855254942834331,1.24001135828567,-0.3544858640022369,Mixed,67.6011
96ae86b9-6d2a-4b13-9765-a0a5b71519c4,0.8808565139279604,1.269626240581292,-0.38876972665333154,Mixed,91.4938
976e2956-36c4-4451-94bc-19a9e7bb861c,0.8565177411903926,1.2198333893549405,-0.36331564816454787,Mixed,67.8465
977c19ab-f472-4956-869f-e640960f1351,0.8607849852400008,1.2803178582819121,-0.41953287304191134,Mixed,77.1285
9845de96-d57a-4613-89db-6a6c4e2eca4b,0.8950302152501418,1.2875708796155474,-0.3925406643654056,Mixed,42.263
9848e118-7372-41e5-8c64-71ec86c9c563,0.8494171945567394,1.2542955031985419,-0.4048783086418025,Mixed,64.8142
986759bd-7232-46a9-84f3-0e71026a01fd,0.7745029233727873,1.3613128213701586,-0.5868098979973714,Oxidative,4.5166
98ca487a-a503-459a-8665-11a3caf8bce5,0.8917886388769121,1.3022538760863542,-0.41046523720944217,Mixed,81.2528
996511b1-d236-4060-a307-81557721cfe5,0.8676402254391156,1.2190126397835057,-0.35137241434439015,Mixed,53.0499
9998fd9d-b7a9-4a9d-b572-19a30a6ff775,0.8649945424477695,1.3749419578937108,-0.5099474154459412,Oxidative,10.1437
99ad8f7e-a32c-4fbc-af00-8765d524cd73,0.8396772848005882,1.246732082777758,-0.4070547979771697,Mixed,32.6025
99b8979a-d55a-4c42-9df1-58c9a3f70a92,0.8846713949059137,1.2253150385300347,-0.3406436436241209,Mixed,63.8567
9b794c4e-3176-4cdf-b59b-2b1a13bd603a,0.8835880096875108,1.1811415252364337,-0.29755351554892284,Mixed,71.1627
9b962201-6959-487b-a125-730322128939,0.8571533637749778,1.2334194939292562,-0.37626613015427846,Mixed,88.4262
9bb09a78-1bcb-43af-8cd9-d0adee31d5d4,0.8574190932699207,1.258844014168054,-0.4014249208981332,Mixed,12.1068
9befd66c-7e2b-4081-b933-3c69d94cad96,0.8602900591833128,1.2709673436245954,-0.4106772844412826,Mixed,93.1947
9c146666-fd40-4251-9b57-ee537addac17,0.8462606205767873,1.1950153625505109,-0.3487547419737236,Mixed,65.0493
9c622d7a-d739-4d5d-824a-923414f13f6f,0.7459587936125215,1.3657467175327205,-0.619787923920199,Oxidative,3.7053
9e969cab-9be7-4aa5-957f-5868071cd1c7,0.9431605903118009,1.371019910331669,-0.42785932001986804,Mixed,44.3893
9ea5c78a-10b6-4e76-a588-4a169817d01c,0.8945893094503191,1.3758409768688413,-0.4812516674185222,Mixed,70.0295
9f112190-6fc5-456b-a1f6-d7440529a66b,0.8222122009038529,1.1511954843475836,-0.3289832834437306,Mixed,89.5481
9fc9bcd9-af84-44b8-bf83-f130d247e9a1,0.7858920556827488,1.2105716361181857,-0.42467958043543697,Mixed,22.3561
9fcf3bdd-e137-4f93-83f4-24b883ca62c3,0.8463767294096799,1.3731069778646652,-0.5267302484549853,Oxidative,22.7659
a059cc98-e8d4-4428-b326-ac59b5445f67,0.8719160281758102,1.255182970816898,-0.38326694264108785,Mixed,59.2987
a09990aa-76c9-4041-a2f5-317be4c5ab09,0.9070355093308411,1.1300617308840468,-0.22302622155320573,Mixed,79.5964
a136ae8b-1e0d-4843-a461-ce554ad77458,0.9328970346907194,1.2937381966540502,-0.3608411619633308,Mixed,69.1438
a1f29e81-e426-4cc5-813b-fcf83a595303,0.9317267183803951,1.3208036498503601,-0.389076931469965,Mixed,85.7716
a2c1332c-f9e9-4d41-bad5-e58ebf809800,0.7977666259673747,1.4529913930234142,-0.6552247670560395,Oxidative,1.8538
a33333fb-31f7-4874-aefd-a004be0d943e,0.8350827407214045,1.2363552882953386,-0.40127254757393405,Mixed,38.8277
a34f90d2-32b4-44e7-a820-07f3d48823ce,0.8303810505986683,1.224187743086902,-0.39380669248823363,Mixed,39.3639
a379934c-2794-4a0f-b9f2-f029aa938f35,0.8726892928463067,1.3076620395869119,-0.43497274674060515,Mixed,34.0792
a3bdc783-f9de-42d6-b0ad-eadec504b7d8,0.8444504191851074,1.236878233724221,-0.3924278145391136,Mixed,64.9246
a3c824d5-5d92-453e-820b-bf879fa38e59,0.8899170972269579,1.20922738657795,-0.31931028935099204,Mixed,57.4414
a3cac4bf-4b70-4fc8-b0a5-8bda5b6d405c,0.8786835511359168,1.3134185302655306,-0.4347349791296138,Mixed,37.382
a41454c8-c8c2-4d33-9ff8-402fd89d2163,0.7772675226754526,1.3693267034341088,-0.5920591807586562,Oxidative,2.6418
a56c9911-e164-4572-aef8-37754ee056e3,0.8252329267584005,1.2901913521875163,-0.4649584254291158,Mixed,28.4405
a57d26d5-0255-4bd1-bcd6-ebfb9d35055d,0.8818017043186965,1.4004576054080207,-0.5186559010893241,Oxidative,28.6818
a5dd6162-2bca-4bbb-a068-94d122a52cc5,0.8953810816534303,1.2519503579375626,-0.35656927628413226,Mixed,97.2593
a5f24f1a-a847-41da-a4ad-9f55b12ce08e,0.942039045859296,1.2080787112820535,-0.2660396654227575,Mixed,114.7937
a78e44f3-6e93-47f4-9653-2ce1b1d7d25d,0.8892580557004157,1.2718758780369261,-0.3826178223365104,Mixed,31.6981
a7ce93ac-964a-4d4e-980a-7fb987bf58b7,0.8670736600164458,1.2169341813909478,-0.34986052137450196,Mixed,41.8822
a810deed-122b-4c57-9d6f-8146c5064712,0.9253968993706623,1.1843262580934906,-0.2589293587228283,Mixed,96.4235
a89b3ab8-977d-4c4d-8323-ca8d6df792e4,0.8722654604305535,1.2743175786556324,-0.4020521182250789,Mixed,42.51
a936147d-36de-4749-9f38-c80e955c7186,0.8946139189630317,1.178099217319402,-0.2834852983563704,Mixed,58.2134
aa2b77af-1803-4f20-8a29-5fa8c40c319a,0.8953798820352741,1.2906898739520962,-0.39530999191682215,Mixed,89.8315
ab53ebb6-2f7e-42ed-a46a-b2a541472fe7,0.8562333719178016,1.2464145369793367,-0.3901811650615351,Mixed,85.2025
ab55b80d-abac-431c-bd6e-e5e1ed46210f,0.8646628649925466,1.1634634828071304,-0.2988006178145838,Mixed,88.3065
ab718baf-6521-4738-a8cc-44b7fabf4be1,0.7959528224442403,1.2542370710921966,-0.45828424864795636,Mixed,16.4396
ac6da4db-868b-4b98-9c12-4c1930d08a5e,0.8595257082727609,1.25215834227748,-0.39263263400471915,Mixed,45.0607
ace1e7fa-7e2f-4bcc-a2cb-afb7f321ec1d,0.8641730203357599,1.2454103312795899,-0.38123731094382995,Mixed,165.4047
acf622b2-9d9f-45c4-992d-28165321a955,0.8583339335231828,1.2982285554503317,-0.4398946219271489,Mixed,16.0696
ad0887f1-524a-4351-9ec3-8cbd380bbf9c,0.8583107303013694,1.231228592403723,-0.37291786210235356,Mixed,79.214
adb0fc04-0e35-4637-b3e2-6d9299b97069,0.9042697324755342,1.3454383598343402,-0.441168627358806,Mixed,28.323
adc843d6-31ae-4803-ace4-48d1c198a8bb,0.8637958585777044,1.288691406860426,-0.4248955482827217,Mixed,31.4815
adfade14-1572-4e3a-b4eb-64de445b9678,0.8510253721117458,1.2345603277951749,-0.3835349556834291,Mixed,56.9804
af5c089d-33a6-49a3-bc6e-bd5e2db921d8,0.8784981229596447,1.2565501598096385,-0.3780520368499938,Mixed,36.0542
afb1e9c1-aa37-40d4-a2b0-5996c023d30b,0.8678587458860169,1.2940727770264207,-0.4262140311404038,Mixed,81.2931
afe6bf7f-c463-4077-9c5c-3d00ce6ee8a8,0.6801698570257203,1.0727177562602912,-0.3925478992345709,Mixed,41.722
afe81650-e131-41ab-81e9-0ecb888b1420,0.9638525652142083,1.2249406255835944,-0.26108806036938614,Mixed,62.6233
b0b5583a-d348-4a65-bea4-d4046eac0f76,0.9581266158192911,1.3123581512741531,-0.35423153545486197,Mixed,55.4737
b10d2838-f728-467e-8582-369ad21a98a2,0.9156681058586809,1.3012509488316433,-0.3855828429729624,Mixed,57.6292
b2a87553-0fb8-4e1f-9e6e-cc0510b07c8a,0.9385094374552656,1.3035450371558148,-0.3650355997005492,Mixed,79.5988
b2c3a163-384f-4246-880f-ae2caebf0d17,0.8942846858449484,1.3118850066300893,-0.417600320785141,Mixed,64.6913
b3ec1f99-73cb-4414-b6b2-c075dc3b5589,0.8732995975727835,1.3528190021535391,-0.4795194045807556,Mixed,44.177
b437c402-fc0d-4268-811e-d9a5a8280aca,0.8962612941252451,1.2896010006007472,-0.3933397064755021,Mixed,53.8331
b43e8a88-6ed9-4a7a-ade7-91f340ad5465,0.8751599624659224,1.2471554463941537,-0.37199548392823123,Mixed,71.5263
b4499ca2-b2fa-430b-95f5-8d1e2ca14dc0,0.8070100473182851,1.2189888933468336,-0.4119788460285485,Mixed,31.017
b59e21e2-af42-41ff-9423-0b3b0af05ccd,0.9278497772496763,1.2201979614938532,-0.29234818424417686,Mixed,131.7974
b605224a-cf9c-4092-beb4-5ed43c1179de,0.8511283957550198,1.2795094809228869,-0.4283810851678671,Mixed,80.3951
b65b4ebc-e8b9-4926-8761-56b99fbd9e9a,0.8590594603783523,1.291091085606364,-0.43203162522801164,Mixed,13.2443
b766e689-e3ff-4d0c-8eb0-d81c1df638d4,0.9082647457612812,1.2760533465086676,-0.3677886007473864,Mixed,95.4765
b81e79c9-7f6d-498c-9591-2b7e8b3bc466,0.8937796382592555,1.3254244855962438,-0.43164484733698827,Mixed,47.4334
b8a61143-0c20-4db9-a4fd-9c8b375ba841,0.912954454134068,1.2422263716923452,-0.3292719175582772,Mixed,78.9205
b8f8504c-1d5e-48b3-a54f-88250da4264f,0.7556885019014755,1.397541298752851,-0.6418527968513755,Oxidative,0.9625
b9015212-73c0-4247-9848-95ac288ffb3c,0.8802250445112718,1.2108487545598943,-0.33062371004862245,Mixed,60.7896
b98e59fc-120a-45c4-aade-3b59ca4a1a86,0.8658042943565388,1.2727385736351435,-0.4069342792786047,Mixed,56.9223
b9a7cd9a-ff3d-4862-a03b-71f60e42ddea,0.9387686427425256,1.313012628314182,-0.3742439855716565,Mixed,88.4832
ba209e1e-87f1-47a9-a858-d60953ef4528,0.9013284231971266,1.2053798570147523,-0.30405143381762567,Mixed,54.6593
ba3ab6f6-109b-485c-b600-d6cf3edb4b28,0.8615366548404836,1.317171682057105,-0.4556350272166215,Mixed,43.46
ba6dfcd5-be76-481f-9e8e-19421cf23695,0.7570345666326171,1.4128528438418944,-0.6558182772092772,Oxidative,1.4006
ba97a1ce-36b3-4212-960b-b64a7cc2ea82,0.9056593567745899,1.3053134625413678,-0.39965410576677796,Mixed,121.4393
bacd130e-c30f-40aa-8e9e-ef8076f7a6db,0.9433048059849267,1.3726376161636047,-0.42933281017867797,Mixed,78.0975
baec403c-9fb4-4b2e-898b-ef8399d0157e,0.8972537527133935,1.2391445024125305,-0.341890749699137,Mixed,36.4909
bb4ec992-dd81-4758-b4f2-7560fbc4cf2b,0.9033641565448652,1.260991812526934,-0.3576276559820687,Mixed,58.704
bb9e4d64-ffbc-40b6-a3e5-d05aa7a51717,0.8937811525173359,1.2405837284286192,-0.3468025759112833,Mixed,35.0338
bbb17751-e367-45a2-b561-9607d02d03c3,0.8088667467819672,1.3778338765453886,-0.5689671297634213,Oxidative,3.388
bc8cef4d-5c5c-4d5b-bbbc-553e8940ced1,0.8653564000095841,1.2216472272778949,-0.35629082726831074,Mixed,32.2689
bd1ebebf-1e32-4c8e-a476-a429bfbc3d46,0.8709759124798527,1.2597615680684129,-0.38878565558856015,Mixed,50.5838
bdb74506-8766-42e1-922e-e03da4637a70,0.8067773493646991,1.2293009221198725,-0.4225235727551734,Mixed,23.948
bdcb4d2f-7d86-4a59-8dbd-8b7300b45b72,0.769809957492908,1.371537190518631,-0.6017272330257231,Oxidative,3.48
bddf0976-c04a-4391-b302-732051d506c5,0.8945859082103181,1.2663509678079208,-0.37176505959760264,Mixed,118.6741
be6fa48c-95e0-4a7f-aa05-362d1b7a5a4a,0.875609832180221,1.3014472629498315,-0.42583743076961045,Mixed,54.1763
bed26808-c053-4ad1-ba5c-68819d4a6fd1,0.798008430534967,1.142999867717745,-0.34499143718277814,Mixed,35.9009
bf080139-5562-4d85-8a56-19bc15e80357,0.8100964892965177,1.3550964659415086,-0.5449999766449909,Oxidative,5.1362
c04d9806-d86b-4afd-9481-89037aa621d1,0.9396607523208621,1.2217754791908304,-0.2821147268699683,Mixed,35.4379
c0a56cd2-b888-4ced-9f5c-0e450d539045,0.9252032845238983,1.2866304824478707,-0.3614271979239724,Mixed,30.6941
c0ab320a-1952-4875-af3e-9f30dcc2406b,0.7880630602956182,1.1520366794548678,-0.36397361915924953,Mixed,22.1711
c0d545e4-ab23-41f8-a29f-7a9df01c4abd,0.8676718507715839,1.20644122114108,-0.33876937036949606,Mixed,118.162
c0dc2255-258a-463b-bd10-f6ee1771860d,0.9001211733646461,1.3036008419279392,-0.4034796685632931,Mixed,85.9219
c116495e-d80b-4f43-90ed-7103a83a284c,0.8555065597840368,1.2640458575509486,-0.4085392977669118,Mixed,33.9948
c1215d68-5b15-44c3-9d25-73a77b0b5f31,0.8938581240141628,1.3241708383674036,-0.4303127143532408,Mixed,82.0685
c1873d0a-2c67-44c7-97ba-9a10cd7ed962,0.8477070838826478,1.2732235882030591,-0.4255165043204113,Mixed,73.816
c2bbfd1c-59bb-42a8-8987-1d36865ec762,0.9483207079424777,1.2655090109860556,-0.3171883030435779,Mixed,166.2594
c2c34b18-7f7a-47ac-9f42-b7700562d006,0.9015050835993208,1.2689543321627768,-0.36744924856345595,Mixed,70.9082
c35af344-001b-434d-8756-e410748e8df1,0.8511708598154877,1.1926612314667489,-0.34149037165126117,Mixed,98.7623
c35bcaa8-f2f8-4c08-af74-910f73e5bc94,0.8546196128845349,1.2568640245479774,-0.4022444116634425,Mixed,26.5392
c4143095-ebf5-4ce2-91fe-6aea9cc62cc7,0.8120285501048609,1.26155857396465,-0.44953002385978913,Mixed,24.2873
c51b2e7b-b9e7-44a5-b09f-ba3377f1fc5e,0.9266449170491966,1.3307341385382359,-0.40408922148903925,Mixed,62.2808
c551e586-8040-47d7-928b-fe6b242ed81f,0.8937624845161155,1.3229017658333366,-0.4291392813172211,Mixed,51.9764
c55cb5e4-8428-4a52-9a84-101b6e823265,0.8878168918240549,1.2908318657308315,-0.40301497390677665,Mixed,66.5519
c59faf4c-0b9f-4c20-acd2-0804a8c9d96c,0.875699677218865,1.2289836942601777,-0.35328401704131274,Mixed,19.8129
c64293ef-e723-4fe6-8cfa-fe36d07bad81,0.8278921545810045,1.3146235945661842,-0.48673143998517965,Mixed,10.9335
c68fded5-978b-4d7a-9077-89c2c6b35f47,0.790360083281061,1.4124432005611214,-0.6220831172800604,Oxidative,1.8304
c69d9c36-61e3-4985-b17b-b64bd7ed3821,0.8722259545003351,1.2038784456969818,-0.33165249119664664,Mixed,121.9683
c6bede90-50d8-4bf5-97e3-6fffe14e723d,0.8603603718020758,1.2649412219482417,-0.40458085014616585,Mixed,5.3899
c8134951-c924-4789-93bc-9af9b79933cb,0.8190700241485407,1.2621216195251233,-0.44305159537658256,Mixed,31.5697
c830413d-ad40-4e2a-b2a5-56407eed5ca3,0.9376784349214432,1.2112746888232635,-0.2735962539018203,Mixed,87.5554
c85688fc-f98a-4672-b66d-8a28ea94d40b,0.8994114568229591,1.2097335018057949,-0.3103220449828358,Mixed,36.2184
c876a9c8-43b4-47ed-ba9d-727439ab8ef5,0.9247016881051662,1.3146442364202058,-0.3899425483150396,Mixed,26.2954
c8c7259b-9f5e-4dfc-b915-d98b02eba28b,0.8936624797144708,1.24674016610869,-0.3530776863942193,Mixed,48.1443
c909d244-ad90-42b8-8cb9-b12a878bdbfa,1.0157012986212557,1.3366380196984227,-0.320936721077167,Mixed,78.0737
ca47a7ca-d9aa-4140-a74b-4a1c75fe9ad9,0.7636132760782609,1.4587604691580454,-0.6951471930797845,Oxidative,0.7963
cac6d56b-22df-46a8-b98f-f59fa9257f5e,0.8166704006076595,1.2179263307851385,-0.40125593017747896,Mixed,53.0147
cbabaf06-c15c-4655-a6c2-89a523ec7a9e,0.8915087166130161,1.230290523894387,-0.338781807281371,Mixed,31.2653
cbe040e0-9ed9-4af4-a177-392a0b63a40b,0.8303590450117685,1.2875362333085025,-0.45717718829673404,Mixed,15.1539
cc455312-98ef-40a7-b2f6-6ee31380b06e,0.7812735543985883,1.4543064522765206,-0.6730328978779323,Oxidative,1.0905
cc4d6b44-ae57-4f0c-affe-ba411b9fba9b,0.9643028082394656,1.3400258173599735,-0.37572300912050793,Mixed,79.6987
cc8c7c7e-a682-43ca-af76-08b49bf3512a,0.8681563957654007,1.2962419296896097,-0.428085533924209,Mixed,19.7866
ccb3a294-e4b3-439a-b168-18c3ae05d3b8,0.8849114796029732,1.367981196581831,-0.4830697169788577,Mixed,48.1936
cce6300b-bad4-411f-912d-7cb1d9fb9733,0.8340942027810521,1.2573696695632899,-0.4232754667822378,Mixed,17.6925
cd18a3e0-c431-478a-b5fa-4b75a17a33a7,0.8477920779665418,1.1713194531738922,-0.3235273752073504,Mixed,126.583
cd6333d6-6973-4278-8c7d-ad89e71bd508,0.8894932587237646,1.3112429564797885,-0.4217496977560239,Mixed,179.472
cdc162f6-6ee3-45bb-a764-88458b87bf7b,0.6885334789353056,1.4640175347875528,-0.7754840558522472,Oxidative,0.5892
cdcfd140-d0a5-4c55-ba0c-64af335a1ff6,0.8920090956572808,1.1811875245482366,-0.2891784288909558,Mixed,79.9966
ce71f29f-134d-4749-bf42-c9620e5c8651,0.8055789308851328,1.379141068243751,-0.5735621373586183,Oxidative,34.3179
ceaf66d6-7fcf-47d6-ae3f-99323057c910,0.866101561626796,1.2845030348916933,-0.4184014732648973,Mixed,46.153
cfcc7db1-9369-4151-9f31-2d7ef06f8ea3,0.9411332755340197,1.3182251769486122,-0.3770919014145925,Mixed,37.627
d014104d-47ca-441c-9756-66672008cb14,0.8650362178097015,1.2088581709103048,-0.34382195310060326,Mixed,64.6345
d07320f0-36a4-4dab-83bb-faaaf21a2bcb,0.8436508588729178,1.26863309550691,-0.42498223663399226,Mixed,71.9614
d1280122-4cf1-4e12-9783-4a7038a28ac0,0.8519639189701993,1.2369668262792353,-0.38500290730903597,Mixed,102.3237
d19fa0dd-5832-46a8-a7a0-142075684a55,0.9103803660596123,1.248090793299961,-0.3377104272403487,Mixed,18.3766
d1cd1a00-c44a-4581-ad07-e234303a65b9,0.8631650728749277,1.2560538211078338,-0.3928887482329061,Mixed,68.6759
d1d341bd-1a8e-4162-a63c-92ecc78e9c82,0.8747591641792096,1.3087507922528379,-0.43399162807362823,Mixed,41.8228
d1e1f6c5-e3af-418c-89ed-8b68f8157f36,0.690604730018957,1.4879785312655716,-0.7973738012466146,Oxidative,0.2439
d2e585d1-2b92-44f3-b2f4-1351e7c529ac,0.8773147675520038,1.227793520165796,-0.35047875261379213,Mixed,89.7007
d2f080ca-6e8b-4b9c-b64d-376ca8a8beed,0.7956665419579002,1.4019213093796405,-0.6062547674217403,Oxidative,1.8344
d499f1d6-3d58-406e-9ed5-98141e774ddc,0.7628824189020844,1.4125782381357306,-0.6496958192336462,Oxidative,16.6554
d4afe781-4959-40a7-8556-b60a150ea6b0,0.9278839570789701,1.2707109233122618,-0.3428269662332917,Mixed,154.432
d514c3bc-c1e1-4028-9822-90ad703a3a8d,0.5291204604781585,1.3010148013035894,-0.7718943408254308,Oxidative,1.7262
d5c03bc2-fb49-457d-8445-f8177008554b,0.7435732372089517,1.4258730273829394,-0.6822997901739877,Oxidative,5.332
d5f6a32f-e1b7-4e45-ad6b-c97ade3b1294,1.0153253704827079,1.2830132563740864,-0.2676878858913785,Mixed,82.6551
d6a8b3be-0ea5-4d4f-bf62-27ec684d4705,0.966923369381595,1.2980444718281614,-0.33112110244656645,Mixed,77.4449
d6ad13eb-3ed8-4b4a-ac50-37061cf8236a,0.820866664904882,1.175777868758546,-0.35491120385366404,Mixed,18.5272
d70aa630-d9c6-49e0-858b-a5a8e268a92b,0.8689741236737702,1.2519335204580326,-0.3829593967842624,Mixed,92.9208
d782f777-5651-47a6-bbb3-4d871a6b3a27,0.8093996724676078,1.3171813198301452,-0.5077816473625374,Oxidative,12.02
d7b28bbe-cf7d-4634-8a48-f42d58be4a55,0.8664262325646245,1.2938343549299396,-0.4274081223653151,Mixed,14.8408
d81180fa-51d8-4499-aed4-bbad365f67e1,0.9524983405086741,1.2822468601723602,-0.3297485196636861,Mixed,57.8787
d91f4d1a-4628-446c-a696-8839c8f62d90,0.8321114820995887,1.0610734302040188,-0.22896194810443005,Mixed,191.1474
d9735236-6587-4453-8c8d-2d39ca495cce,0.8700223881950573,1.382038311235395,-0.5120159230403376,Oxidative,21.3603
d98b9775-6abc-48fa-a229-39442a7291d7,0.870638280631039,1.184411258734713,-0.3137729781036741,Mixed,45.5218
d9979174-ee0c-42bb-b928-a4f642845db7,0.8433609791880559,1.4486890361752902,-0.6053280569872344,Oxidative,0.5643
d99b2ce2-38a1-4d13-b8dd-7db33bfd360a,0.8653145435952615,1.2957712475059637,-0.43045670391070223,Mixed,136.23
d9da2793-4334-4b17-b234-172705dca082,0.9099217248060496,1.213357380655162,-0.3034356558491125,Mixed,219.6779
dab754d3-54c4-4941-879a-dc107def74d8,0.8672493700171913,1.209839078421783,-0.3425897084045917,Mixed,54.1909
db24671d-74b5-4647-be36-d865aa923ffa,0.8615480366638395,1.3026918847314406,-0.4411438480676011,Mixed,36.3759
db99b502-b286-4b36-a0a5-28b6b413b81a,0.8595041666516964,1.2738291455521138,-0.4143249789004174,Mixed,38.741
db9d1bc8-9c20-4fbd-bfac-cf1faf1cad11,0.8841228611009212,1.2355190722308824,-0.3513962111299612,Mixed,39.5083
dbe1371f-dbf9-46b1-b603-a9e560fb75df,0.8960461758475481,1.2616728110052793,-0.3656266351577312,Mixed,78.5163
dbe50f57-74d7-4b5f-a996-dfc8d9874d55,0.7819587322287345,1.370461727128285,-0.5885029948995506,Oxidative,4.9735
dcc70515-99c2-4867-b39a-e4c3e3a66430,0.9031436894033515,1.2537810067905149,-0.3506373173871633,Mixed,71.6926
dcead401-3e21-4718-9ce1-863177be3f10,0.856912830261512,1.2324115499647141,-0.37549871970320214,Mixed,37.485
dd32c44d-eaf7-4739-94aa-430be880964d,0.8778937844409058,1.1942160078994979,-0.31632222345859207,Mixed,27.8632
dd7f3972-e7c6-422b-84ed-a8038645a52b,0.867232398963473,1.1686784681793083,-0.3014460692158353,Mixed,48.5004
de6772b8-dd18-4584-880e-b4080e2e0f8d,0.8924779276714274,1.4141146936167301,-0.5216367659453027,Oxidative,40.5261
df48958f-3172-45ec-a6fb-88fc66ff6ae4,0.8708870162838142,1.2796759708136947,-0.4087889545298805,Mixed,175.5504
df630d23-f007-4cc4-9910-edb44046d556,0.8525637801571522,1.3180571793300877,-0.46549339917293553,Mixed,38.2505
e0999ea7-e0c9-487f-b8a7-3eda87ab8601,0.8817942005910666,1.2487337939712808,-0.3669395933802142,Mixed,119.2258
e0ab8fc2-a369-4e2b-a07a-67794bf6955b,0.9119946230322036,1.3445681023771296,-0.43257347934492607,Mixed,69.4933
e0f18f8e-b8e0-4bf2-916c-69a38fc64fd8,0.8053046333785289,1.2563421429186434,-0.45103750954011457,Mixed,23.8125
e11c27d0-d5a0-4e7f-83e6-83b79f64d962,0.8586899126433833,1.2017015599127827,-0.34301164726939937,Mixed,31.9025
e1beebe9-dc24-4f9d-a89f-87001fcf25c7,0.8737541441707568,1.2628738922233531,-0.3891197480525963,Mixed,57.1409
e20633e3-526f-4ac5-9cb0-202a028462b0,0.9008208961048955,1.2807290649416543,-0.3799081688367588,Mixed,114.3703
e35730b8-672e-4fdc-945f-84edaf143298,0.9242564666235573,1.1784761341221448,-0.2542196674985875,Mixed,51.0688
e3fc3546-680c-44fa-ac79-918668443800,0.9148319806702873,1.3035978353052338,-0.3887658546349465,Mixed,67.5793
e4240172-1921-44aa-95da-781be3485a1e,0.8241561148504014,1.4134623620174929,-0.5893062471670915,Oxidative,4.5905
e44dbaa1-6ef0-48ba-bf0f-3cfa502cbd14,0.8098444806905947,1.2188288097863798,-0.4089843290957851,Mixed,13.4242
e4747f6d-4c5c-4d49-886f-2c69fe206879,0.9668622438107572,1.15881123672496,-0.19194899291420264,Mixed,237.4638
e47ee1c9-13c8-4c78-b1d6-8a6795bebee8,0.9490763590499539,1.284127006824685,-0.33505064777473115,Mixed,56.4136
e59a58f3-d886-45a8-a296-263297839a63,0.7505860228827125,1.1265541083985229,-0.3759680855158104,Mixed,23.2248
e673a5b6-c070-4068-b667-c7e81adfb4cf,0.9090992010746239,1.2920847590472029,-0.38298555797257894,Mixed,23.9721
e6a09aba-4d6e-4079-9b34-0e9caf705885,0.9045359071447515,1.2368160067332865,-0.332280099588535,Mixed,115.079
e71c8e45-ab52-4796-ab72-e8add8868291,0.9176487934665927,1.4536241567795687,-0.535975363312976,Oxidative,21.402
e79eb779-6742-452b-87d4-35e67d30de92,0.8690703462685593,1.2965602988270826,-0.4274899525585233,Mixed,106.3014
e8871fd9-41a0-4c1f-b44c-ea7beea35ebe,0.9463268813474346,1.2724769484712837,-0.3261500671238491,Mixed,85.6257
e8a098f6-ed3e-46a8-ae16-2f130a5fb715,0.8815845855507334,1.1946708890938165,-0.3130863035430831,Mixed,62.1348
ea7e9f5a-844c-4cf4-8f0a-7deab41b5233,0.8523678408653842,1.2878500315173362,-0.43548219065195204,Mixed,18.2065
eb921878-4c02-4b11-9c4d-84df7926ef70,0.9547469133400227,1.270823818412128,-0.3160769050721054,Mixed,22.8049
ebd01ba8-06cd-417a-b41d-05379e430fd2,0.8221396268624106,1.2773712418477121,-0.4552316149853015,Mixed,47.904
ed4e33b6-e610-40f6-a9cb-68d27b24b7ea,0.8435353437400145,1.192627448800648,-0.3490921050606336,Mixed,35.6767
edc7b71d-a551-463e-a76a-dc135373cb43,0.919270414280306,1.3252075501803116,-0.4059371359000056,Mixed,43.9345
edf83523-a278-4657-88f9-230494fae0b9,0.7604012006647878,1.393839970001813,-0.6334387693370251,Oxidative,2.2289
ee6d69a8-5bb0-4271-b349-3bcad539b275,0.8644176744042115,1.2981344694748291,-0.43371679507061767,Mixed,48.9119
ee7ecfb9-1ec5-4553-ba37-19c2b5f0da0f,0.9334918780546636,1.2849666518912333,-0.35147477383656966,Mixed,34.3837
eeb25b36-1272-4092-848e-9807eaed9d4e,0.8718985780102425,1.220984632171124,-0.34908605416088145,Mixed,99.8447
eeb522fe-ab63-4e1f-b2cf-de74af6b64f2,0.9036370236947151,1.2406033798603529,-0.33696635616563775,Mixed,20.0154
efb66622-cf03-4f74-98e5-8c38d87a90f7,0.7749638121118395,1.4271140827819968,-0.6521502706701573,Oxidative,1.8946
efde0fd9-7f08-4c33-9e2b-8d9b8cfccf50,0.8349160234078955,1.2696575964505539,-0.43474157304265837,Mixed,33.0417
f007e19e-984c-4c94-b1d0-e4c298d9faa9,0.7946766806356531,1.295952821712636,-0.5012761410769828,Oxidative,9.0123
f13427f3-3d78-4fc1-9523-64b4ae583494,0.8165037159329145,1.3077951046340057,-0.49129138870109124,Mixed,31.8356
f13ca22a-ad44-45c0-806b-678bacee6135,0.8630022305518805,1.2341296587437398,-0.3711274281918593,Mixed,109.3901
f1525d22-a7b0-48b6-ab6e-737b5ebb1a39,0.8735639342203568,1.1685509023227723,-0.2949869681024154,Mixed,68.7083
f18443d3-f207-4c05-9738-d70e10d60cfc,0.8581808622043763,1.2109587211701103,-0.352777858965734,Mixed,68.1617
f1aa53c8-fb44-431d-9bb9-ba7647cd9ead,0.811146286014406,1.1352929119807136,-0.3241466259663076,Mixed,35.7574
f1d244a9-f031-4286-b433-572de7ed8d42,0.8630018064333168,1.2946432864202455,-0.4316414799869287,Mixed,21.2813
f34985d8-172b-4fae-8d06-989e7dc4dc06,0.9508928120575737,1.2512847295666438,-0.3003919175090701,Mixed,43.3464
f41b182b-f528-49bf-9d7e-912614796b77,0.9053512884715617,1.2222788279040724,-0.31692753943251073,Mixed,96.1974
f43cfd22-5e58-4369-9ea0-a0b6cc63a7db,0.8967358994670445,1.3238132663688096,-0.4270773669017651,Mixed,64.8854
f44064f2-9839-4e4f-9510-8a5dd0ee1e56,0.9027526241406194,1.3680735890569813,-0.4653209649163619,Mixed,26.4766
f462d8a7-549d-4823-be4b-1b5c81678665,0.8811895144539288,1.2867287947494592,-0.40553928029553044,Mixed,58.1877
f478aca9-1fb9-4ef3-9c03-1bd592b2b1f7,0.956799559435658,1.3424466914166384,-0.38564713198098044,Mixed,131.0899
f4e99961-1168-46bd-86cb-4c6662f5b8da,0.8380891767080524,1.2641725756586826,-0.4260833989506302,Mixed,28.4412
f4fbf55a-1a2a-458e-9223-921e2dc9352e,0.8381686753725889,1.2064484396601005,-0.36827976428751164,Mixed,39.0855
f6b85b88-29c7-4722-86f1-0c4c5fa0b819,0.7375529227207505,1.5291204604781585,-0.7915675377574081,Oxidative,0.0923
f7a5094f-fea0-4ddf-ac40-8265cddbabc2,0.8883479696036033,1.2643500309760691,-0.37600206137246583,Mixed,71.2405
f7cb60c9-cede-46db-9266-b1437cd06a48,0.9422126455334363,1.1978955472135677,-0.2556829016801314,Mixed,86.94
f88159e9-78e2-4222-b9f6-2d50c5b3387a,0.9604192187398253,1.2691609490055507,-0.3087417302657254,Mixed,41.6741
f8a0a7cf-0444-4039-a255-6d31bcf748ac,0.8786758437611738,1.1819206035897123,-0.3032447598285385,Mixed,59.0494
f8ba326c-a068-4d8c-a544-07fd13c39cbd,0.8400288643270266,1.2600090538099262,-0.4199801894828996,Mixed,76.5277
f98a1953-c008-4ab9-a17e-be80b5fd43fe,0.8516071165871324,1.3038778049651905,-0.45227068837805806,Mixed,28.3173
fa157012-d4c8-43c3-b4fe-a02f13fcec40,0.846862628975505,1.2435097391299816,-0.3966471101544766,Mixed,83.36
fa7f749b-6c8e-4052-8196-fd91d52e67f1,0.8286723189016534,1.2821866606394963,-0.4535143417378429,Mixed,23.8164
fa927427-fa20-44d0-b574-81d99277be8a,0.819783724157833,1.20804358710463,-0.38825986294679704,Mixed,54.7359
fa994287-faa4-483c-8225-1d45a1d0d522,0.8233953156851354,1.1834514551968367,-0.36005613951170135,Mixed,160.9261
fae1f158-5990-4e7c-90a9-f33fe8be8753,0.9069961909187596,1.356302356763441,-0.4493061658446813,Mixed,50.6243
fb185dab-f274-4565-ba4a-223e5d629310,0.8486111336835368,1.228308011510572,-0.3796968778270352,Mixed,21.1281
fb449c0c-d752-4110-a41a-c46aa29617ea,0.8303197294318729,1.2398795884312734,-0.4095598589994005,Mixed,58.3504
fb47d9fc-c3a4-4f1c-b707-4996b5520351,0.8149129301200485,1.2630824697665912,-0.4481695396465427,Mixed,12.6331
fba70eac-57d4-468f-bbfc-859628c54dec,0.8935052558947789,1.2744874510859565,-0.3809821951911776,Mixed,62.9926
fc3d1c27-2956-4d74-991c-fc35d5c9ecbd,0.7677439484693928,1.4225341482504297,-0.6547901997810369,Oxidative,2.4955
fc63bae4-fdfb-4990-9902-3e0fb51ec092,0.935408415367451,1.3376330316009266,-0.4022246162334756,Mixed,91.9159
fc9e3356-b4e0-46e8-9842-46a2366352de,0.816279835403934,1.1467400880338565,-0.3304602526299225,Mixed,68.3474
fd3d7a82-a316-4df0-9d84-409cb12eb9b1,0.8413183019924644,1.2729422944132747,-0.4316239924208103,Mixed,24.3427
fd493a63-08fb-4076-8b3c-f443dc4bcb0b,0.8980161988486824,1.39807449187753,-0.5000582930288476,Oxidative,39.5768
feb6de8d-c44f-44ca-9583-232511ef54fd,0.865020024473743,1.326080235509633,-0.46106021103589,Mixed,65.8547
ff07dd5a-7b2d-47ed-8a6b-400b3c5c8db4,0.8447742808365257,1.1807024179218821,-0.3359281370853564,Mixed,52.398
ff21a21b-35fb-423c-896c-c6943dbce540,0.8692882410655727,1.2363456927793914,-0.36705745171381876,Mixed,114.494
ff6cd0e8-98a0-4a96-9650-c348bcfe8901,0.8634088916546092,1.2159757030510276,-0.35256681139641843,Mixed,212.3543
ffe0d448-20d6-4952-9650-03531ef6fc79,0.8064854479344716,1.3148278455869367,-0.508342397652465,Oxidative,15.8053
fff384b3-f8cc-4754-9860-74863ff3cc23,0.8893976610633907,1.2041059768887155,-0.31470831582532477,Mixed,132.9445
